x=1, n=16, |dx| = 0.5
i,p_i,q_i
0,1.8584614116555019199285924523440848848720515632210478783694620544e0,1.0000000000000000000000000000000000000000000000000000000000000000e0
1,9.5190876216472083736714000252579850255923205709307488003945718499e-1,3.7066400902703865473017712237096253403643538923640101100976054009e-1
2,1.1722833545417966366646023299110077577566075085433857478256178000e0,-3.0017619485995853725065419232653817533608973654248974250058456715e-1
3,4.7853634847520278184795772183419035983865589477652947034892570144e-1,3.9517116009486100334136356909271995391443412599500184947790653908e-1
4,3.2439514453851570158303063371058444122434343889609203691264258772e-1,3.3969588612844048392486881982188433685137703097374286059033292346e-2
5,1.0850492439944172868396748099678871857913529287575402090233218614e-1,-2.2752716936305868404148566741590533165040947277698126467316833184e-2
6,5.2241702208863791059416726145405736148330653040761284374924320283e-2,1.5627002399749442355766658297115184651819411955313433975504872579e-2
7,1.4448729745271781508522496264176827281750124395663966432488347705e-2,5.2688150278170433292842766939643917623428261567542615388832421670e-3
8,5.4036736959075983984049429825657163679882291419166856642035220738e-3,-1.0309781880688810284650594170686747371131745251042635573166134874e-3
9,1.2259028017748962548083961921814059193880069035496864346733315512e-3,1.6122756043241090755285267810082382975825384709282609023341543662e-4
10,3.6929862537711563436667814069532904741765842869132099583000092112e-4,1.2163306792621668903207350529716791453721351705075344497189353158e-4
11,6.6583959371611364235802300236991899799655357173909111569780613285e-5,-4.2166326062209538766304621003562329019569325380738979472598487038e-6
12,1.6283592349617070998151443116319437473704811289140145312863429719e-5,-1.9313042479244467058411338232213356790826425365474150636547965218e-6
13,2.1539269458247261391744280803701742238217376233866173704280928883e-6,8.7859995312101519647387335129350134978577496003310972092834108989e-7
14,4.2027699209524260611509074811316417069060698903749809696517445269e-7,2.4402850981556255342167194990417909024497605735581293920455657332e-8
15,3.2163949725586778600538525314129471209472492354825129537146460318e-8,-1.1583942138940519861237147418180790993571457580188040445588153583e-8
16,4.7396200326297875115302325098085026873683848735560444005775045976e-9,1.0261526598665273912964108406324112908489253349652997367153101749e-9
relative error = 1.9366348405e-28

x=2, n=16, |dx| = 0.5
i,p_i,q_i
0,3.3185063693964264648013886546902101445031320323230931495764948666e0,1.0000000000000000000000000000000000000000000000000000000000000000e0
1,3.4986873196490021954200149032738003794910129375399610174550024573e0,3.7280216702219604774120997082804117414972735847677129119190260920e-1
2,3.3603162734584021454538667811235492018341007204905478454789087126e0,6.5709040310397311518546739787805986436933076256112392824235373417e-1
3,2.1108683894148134993260724259990690846856490529059388857078018500e0,2.9905214009656062595112918066943525150162556007338398732254246320e-1
4,1.1954303608601143620338167840929067277967664662134708024693120379e0,1.1119706162420801231694246236616139840641654971380157149006876127e-1
5,5.3902787612482447483434756733548922811094833465747009288362697210e-1,9.1049797146903173182947409638359674165070087935543685790470890200e-2
6,2.2092918588553238766494187421645809803122132617347325210513059489e-1,1.6320532217576088963662274068616804640922125477292977293370884256e-2
7,7.6443408933172181313947874909192184216641206914809383271974535634e-2,7.7953872823879163185571033878935120328221922183261533105950993917e-3
8,2.4131960664257608546579264552428270430923741797519003242045953722e-2,2.8555116191152022040065220539641137896766630293290715242791083926e-3
9,6.5382500531328755882838016049090119883657188500776081734594359738e-3,3.8242086339221156513842037077227330570114610363439714229560700577e-4
10,1.6106594965900520585295807950613575023533694418474546559261009139e-3,1.2490011191620455553754286370909285858693920328063414469386156390e-4
11,3.3718433400959475283006061040266546160449799789437891939676326075e-4,3.3914428409807935251282114436679994129208314787132192122076786846e-5
12,6.3306259815843538294531888138344682596180226071965012902467815739e-5,1.6368745652634000697569437514870413604489687601142914443651591118e-6
13,9.6318626445223051592491379902503935853533836056798753626407142266e-6,5.8593577514731383244797957725190337334727842102817257335397334326e-7
14,1.2708591554947555472715887859628613966296079275246991157936104171e-6,1.0103740184883955313568216233468239424939459446615497808273293644e-7
15,1.1496873018148163573807220957831987586496146330860785369098030512e-7,-4.6323190275531393639393964433891434098621726528959872257794494214e-9
16,8.2176471528345094866194012665218811592619587935156715605383098883e-9,4.8186949243853208311063779251805740963858810895188890057459666928e-10
relative error = 3.6303539809e-29

x=3, n=16, |dx| = 0.5
i,p_i,q_i
0,5.6094363541575551936186587702241221194336296996129709574763543484e0,1.0000000000000000000000000000000000000000000000000000000000000000e0
1,9.0750925431640310041664261359614203830035117812960507797501474146e0,1.2272624547135994203131682761432870476883788282963111968689860589e0
2,9.5521763906483371505742732075904644671132428770424712579566872054e0,1.2427032070898219522321958972736426163604247773205576766553365411e0
3,7.2102509327065171483174144559966847668552415360668980218757030014e0,8.1505724577528898384189779748868231733031931521629655207293599700e-1
4,4.3809351183697879512325945149328510583099472150959660196369699910e0,4.7571424127163143925273743429369152988868244058844847417902936229e-1
5,2.1967477158949925380231931335696356050191539155126607845101980434e0,2.1528459320424812080684043466185770600146437193360082890714784386e-1
6,9.3987182173627121599631238033806369519633331687453967952268515006e-1,8.6796021827739385935830118158828862091919544374264881160630335253e-2
7,3.4573197374290264606292233759780803713636003118697553679941868008e-1,2.9836362336809508322602342379791497592481729941087858034647517279e-2
8,1.1063197658159174686070058805720991437956608584235043192223969990e-1,8.6363757496406578560494526404752130989935734554975915291256789818e-3
9,3.0738510830760127673086212858111779154808864359424083334197315392e-2,2.2997761624469157182842866349106752930685540702701216256710561355e-3
10,7.4182303893095331514309351861150051086099016695068494850234639084e-3,4.8615948075580518344154748842151448666474706079793700593281018524e-4
11,1.5364892241739624473388772084101408061928925086440341221683817568e-3,9.3404781141019237024540949478976350128818333031936746470779275036e-5
12,2.6990756164309546814997717665655071300019248560592464569651756029e-4,1.4479631295267072594301577070558668541873329622255835919345675634e-5
13,3.8947190933965831542664072448965920275022680315512782307264618015e-5,1.6822289873879364485164530885300400775778625874854728267049994742e-6
14,4.4398081386416710439599364478344361750147868070255438038858969687e-6,1.6686346455582028780730704443470780406670442848111100774443789046e-7
15,3.5959539111820869932322927751234622407077960610975893045502423034e-7,7.4702707316297076643950056957562555644903841236635888931772827894e-9
16,1.7202464462827082483739634762394701004197334480454405209664423700e-8,4.4153996090460480171576903519239698899989603142698302254098778009e-11
relative error = 7.1174759403e-30

x=4, n=16, |dx| = 0.5
i,p_i,q_i
0,7.7310819683670651114925024297708646958520521992866025030448340851e0,1.0000000000000000000000000000000000000000000000000000000000000000e0
1,1.8104564507146401733047017966797172862646482806607230140171837702e1,2.0728712006147722292473910023388668733867279390314361541336075268e0
2,2.3510989265953824880388456621708254345592831185321910440123488673e1,2.4870222443287826910014658542208554807973613784367627815130149749e0
3,2.1387992709458738817298468248087315102298169954360778095438568822e1,2.1033821457448069621490916061359115018828595390935007528572855954e0
4,1.5022624347661477561413350147049698023845399767175909805969778702e1,1.3837817602849747834625409055407506035070842116291038489551263122e0
5,8.5460313251676746416473139856474791678173814927248466050787901149e0,7.3808504201764904423057515500136784269019335149248232919909301346e-1
6,4.0485688652607756819551089546726827520627278452800386464312247383e0,3.2811771958224671617016454593851106185640006713598519898231930579e-1
7,1.6222965760516587511611932348565754822779170013576179201362941230e0,1.2304488005133628236564774866655277318224499947568771763770091870e-1
8,5.5430181117701047541377873317109396959906468627692548833465015957e-1,3.9201441118670388925920334453703113008375406356465953534140824102e-2
9,1.6177582227199525022278937586525585499555424196694108576822637558e-1,1.0589178539694145132315726716490966625042906455317635355955772823e-2
10,4.0175159206793489198790768024892696937735600585000352645831306166e-2,2.4088188578445377461316430453687535807906496387385609247984086957e-3
11,8.4016892726309546361074959976817962833782930114952349044146897323e-3,4.5377348025087524189073673503114123868675453884635341964873148851e-4
12,1.4521013567118874226554990870182534824138236025645975565800676888e-3,6.8792810587834344950971150080698537565029696169520285631388473649e-5
13,2.0090014269655098266150470789999098501184290124106688302288684512e-4,7.9823992259531367880691105680073195284521416826564830208393235429e-6
14,2.1054500720051341844393948865133441506967474264198998838980492470e-5,6.3949205572061020404811029706551266831654200574518266843604257073e-7
15,1.5008252538325129721600523352849369139899530411699916296085331387e-6,2.7736282345251773488229762096887022584091254779856749357443292707e-8
16,5.5465180986282728769501568221025972518840212998757546945278280306e-8,-2.5511862138536188841844640472444168008534192071627300294254014193e-13
relative error = 1.6541345840e-30

x=5, n=16, |dx| = 0.5
i,p_i,q_i
0,9.7910516704335477859535466823176468480537465678827256319753324856e0,1.0000000000000000000000000000000000000000000000000000000000000000e0
1,2.7921376025426034134707080826453990829252440881682374908279228503e1,2.6427755674426292989518305071981436394860236741433518783319543208e0
2,4.1465459820573358450224479301866302064729818357963651435146202559e1,3.6839150625187802620175130223443783073017639771406225354452216808e0
3,4.1792970412485665059238981382019757684623792003164732829670122853e1,3.5013334641656886208709645006563144242490101270126132500572490273e0
4,3.1696581152283681060163813000206494337802381714336788177924269311e1,2.5090586251666809894738417947606741897834789760769642420170744763e0
5,1.9059529489299003693884224926369067391978328590459734019762287418e1,1.4253398722520892594805578036850687026701571105181431724563696565e0
6,9.3571964176983229154299719951518573146974056009421379749140454932e0,6.5986288950174097386092102530035914727972667359999448145080170178e-1
7,3.8127357140533375845948414052223212732825339754903309175203867530e0,2.5259479735816846998512520104140193330649814382544132497355983050e-1
8,1.2994181185587479722991921315903922755730171480045734400277158279e0,8.0394810408346628217190603636164471598657633951711043591178773256e-2
9,3.7072154081564606051201686867602824741917350303613292601054660626e-1,2.1228360278238839820832661131828198370505824232295526748476378070e-2
10,8.8034404954607685523302914802212597153454905958701506301215340302e-2,4.6036675769578041655119024667090891100663593492059233421402766361e-3
11,1.7173633219590195105395246532457575349651136856714756218915014667e-2,8.0363321448822007893882856431318065256849634530656752180697481097e-4
12,2.6898132793908807404631456716572823414972409473354244904134941114e-3,1.0904447263447069598820573322177643526454729807749622677135721008e-4
13,3.2567290575606957526518343431407042887341218589957629603455069932e-4,1.0817226343559754769757874522471267483020624270425893766738867444e-5
14,2.8582395402243592632148834042162513874449128022102625724623340417e-5,6.9696491481779921514497022323026977707443777063719236100753133813e-7
15,1.6105217833284358795633036434490419009215216495188707333362685004e-6,2.1658723379563807973438568892960387294292352037899612074550484623e-8
16,4.3317079936517450890313460086864068767975384975283990103534953056e-8,-5.2726026268247090353627471346699060216946728568197077764746483440e-15
relative error = 1.6812114888e-32

x=6, n=14, |dx| = 0.5
i,p_i,q_i
0,1.1828343906841005143089660518529638923705202014664859953772067161e1,1.0000000000000000000000000000000000000000000000000000000000000000e0
1,3.6716232807564326453696250056975894158025957331607475708936314941e1,2.9324329574078589943849463751658741710890348568749519611702606653e0
2,5.7051482745127705293286511727551325218141528151391731646422845227e1,4.3203865209739362587687658736539165826107372496471922755017647846e0
3,5.8217052753740645643871356567614455596766429616245720998462988014e1,4.1814966984912878962101384832150015467106109284464010949173564231e0
4,4.3286777395013986533051556286006840057811760574768455768638651503e1,2.9435908109806898944502796272858992991461534964102557589488746949e0
5,2.4672276257817490007888991413215158919620452385338920659864215357e1,1.5822059858956689317682455950437593414190637498673109380129062562e0
6,1.1061779045699293016700033847370744202670522628880905079196860294e1,6.6467579779665316397621730633761300764364231049930655562656856452e-1
7,3.9437599668669752195508373793744988423971253932687447131524695137e0,2.1986247866423115403992636346084675695024979072097698491340684436e-1
8,1.1176191969722562272056709688788773042195273064407370352867853297e0,5.6956980606148307904840548423560159048058161841557749937339474123e-2
9,2.4902857207206005935640031630646996365436658325844366312778600034e-1,1.1340484333210148001640202586428945924697250487078301995559266316e-2
10,4.2642978885863293246850873574332652632605436462529411910793661147e-2,1.6733511116330736974309675221203980265459962850161553341831538542e-3
11,5.3956186258084595923081256398520059189045325505124031350971355309e-3,1.7148740933164910845367577894876235636610062817365884534353868836e-4
12,4.7224320331001141862962373057931525806383533844928816390494486104e-4,1.0798279086175868068407165413262366417948706977192061121196994358e-5
13,2.5328147634572656899772366326495866782563457757722247726058880976e-5,3.1096579255208878045692796258544231208729313307730016238194726963e-7
14,6.2193158477477460526788917863971345444346394879274928178196332652e-7,-3.0796610418536335962777531384959676063942080919597536303749033717e-17
relative error = 1.8430131822e-31

x=7, n=12, |dx| = 0.5
i,p_i,q_i
0,1.3854066182048899019025404065549862573649441884507977562821999699e1,1.0000000000000000000000000000000000000000000000000000000000000000e0
1,3.9609364965274341341990294476429214721424897573379198225978812255e1,2.7131087508361986786153169585030769934743231051143986048895166142e0
2,5.4362107070468589628064477513416776185991235161429887831714453524e1,3.5282156007316741951951874603979752575661578448864752415473250631e0
3,4.6891180094942788215646132333528719360626257348578224965793703978e1,2.8703788407700648430348089819076906380779715609855017044085577225e0
4,2.8068429144882202750361486588086029309124256790368849748723302811e1,1.6078723291630605585982020150317632356966068986232677650662651366e0
5,1.2178617933878625694180461256197270211948856230603384835403273018e1,6.4499346995759183052947333878438818691983075594288856952628348538e-1
6,3.8930029269943392418816983327907997641164152606873064147967385014e0,1.8717130346936604655801717176817968819426674662539256832904851935e-1
7,9.1538998511756872049112359276104305840487360786045558230164942383e-1,3.8867789344422218323322361363928837851366877539048407362868949922e-2
8,1.5575397888688978280935797218149786268912491730454663117955731351e-1,5.5984155967818594513884487793668037026469062547967483064721017173e-3
9,1.8556884923044978015397433301234838174268465898016725867428772463e-2,5.2743980157434650328695413234585404711500628081597442455204008811e-4
10,1.4605059518072639358896873354865974653999244200793949857719415905e-3,2.9023514975088939657536527809217519167703649821134744000093745562e-5
11,6.7887090623874864226002790680003399509096201996682714049931040944e-5,7.0286147844776619336813197204195995642585789616416479899943519600e-7
12,1.4057229579424521534163920461432487333502052205931244808295597752e-6,9.4361164878439823612062140985635295152685376458560254351629598306e-18
relative error = 3.0103148094e-32

x=8, n=10, |dx| = 0.5
i,p_i,q_i
0,1.5872965808282527398141654292769446232287941255522868066084705856e1,1.0000000000000000000000000000000000000000000000000000000000000000e0
1,3.3803497531170520513854251228063509710834999450208914722165979579e1,2.0025928697565605639770944756755935304446682515460566158914591078e0
2,3.2220302072892918645400008481248304706703526923104746587407656342e1,1.7756235143354188742689468430516372394339997029078385272113997515e0
3,1.7892292230675468473723834761294211601829326022349933763776764181e1,9.0190694964224764135313500519201693928748630775769672519627932507e-1
4,6.3677593906197239167195260325406145218435823653834346011424976265e0,2.8680439430160588013758834287478732708184245708536241069937484030e-1
5,1.5130047056493860196956345838709060130948000308163658897077915290e0,5.8980507542142548659025635647157389597908228857436087296823123196e-2
6,2.4286638971241713544239617209555428325497278020273383194204772039e-1,7.8344199543586664519859383662345932870485254940598366603885803483e-3
7,2.6017090169990504742369819356518453745429665231714094235310620948e-2,6.4835646854559389731674184244633907054889516351438596867240413194e-4
8,1.7819504044161082382618097144085199480996083348302741587726669032e-3,3.0365720499192763582292007978904499680236011666397221915714368176e-5
9,7.0556411942412651830992895212649042806752075087375234991090898185e-5,6.1406068405955093807779018717150348179054291883056898757519924719e-7
10,1.2281213681522540463066811081077859481317972633499532083049861054e-6,2.5618760923589509148585272007591219673857762362528369251730301551e-19
relative error = 2.8887161814e-33

x=9, n=8, |dx| = 0.5
i,p_i,q_i
0,1.7887472752337970905499823048254457515247318938971706623865402835e1,1.0000000000000000000000000000000000000000000000000000000000000000e0
1,1.9828476580431805853811045928919387076825838385331741677918032548e1,9.9598466203969985770903642685902436792268046478284561588716018034e-1
2,9.4964119467827666627236778268254116307588701853809732919373172034e0,4.1890478835751705551810430190569772181896763365944262717746071671e-1
3,2.5678941483848391079024274226198973957226963088785321814023234417e0,9.6492853807695305398841907381763855517447038318195398564025442942e-2
4,4.2901477196417279220830009083742592938247209296314124142737410895e-1,1.3152210627761866800315996183086086903075697109793932892765025547e-2
5,4.5366828452781352462870654853522867381488216910130882244171517103e-2,1.0611914077153072505178552376466549585358585547708315820448008428e-3
6,2.9665594332401043625917395357330489449104633827068122736556912013e-3,4.6947524340461690236409332975445736919645029065037646484191691013e-5
7,1.0971381462671259441996087070757364620503390726615175254839901307e-4,8.7882033034621004924540531681544761652130550600781921279832124499e-7
8,1.7576406607070354469844096873104059463330536103271978051780521806e-6,1.0440508065691533876188572448122784538050849841123566783315484415e-19
relative error = 4.4158490315e-32

x=10, n=8, |dx| = 0.5
i,p_i,q_i
0,1.9898974028137224259857482961929979165557417892361407832888916578e1,1.0000000000000000000000000000000000000000000000000000000000000000e0
1,1.8664785612904133260824585759510622319613253505475711432677515565e1,8.3695131211739610544220822923496350983771445705686659035618068689e-1
2,7.5969672812588615169904536374575835384747103725979752622677960541e0,2.9727648477002242410139003340657017218928825721543604810787977204e-1
3,1.7529164271831454714268523599749323791648869181169727422122170405e0,5.8097325428113501446492034357460262457135171261954932898974921234e-2
4,2.5083797912029072594777493102514101923821311428619826864333336171e-1,6.7480513682808503243033421695926557391401679837724652839114251889e-3
5,2.2799261469122692535330234053523432579328211389282305565400566914e-2,4.6590037205217906754076942564666039614672406944590486772277039771e-4
6,1.2856519936774712008169751389597619221787866309945402306778752526e-3,1.7706853202290746858443552695618676451921327261820372531137310561e-5
7,4.1129995868370556407297972610502784363608738009566814242816724877e-5,2.8581447319026634298027736477491694614153986299920967163663614716e-7
8,5.7162894638099427942319717501103987558449728424720927817429115110e-7,2.8546086108545894123273577652679934203416023906801472377558250812e-21
relative error = 2.1934945971e-34

x=11, n=7, |dx| = 0.5
i,p_i,q_i
0,2.1908323576924968878422058234028824255284387196507659113741642575e1,1.0000000000000000000000000000000000000000000000000000000000000000e0
1,1.5472187131171511758159776492723317916652958173787532945981117964e1,6.1454772396411777660146862735884453964893504618950707072312927666e-1
2,4.6565662341757124542858445521079734887057564805881372444852865506e0,1.5624436183031977274539580363627112593772219935422835003406349676e-1
3,7.7428197971537544004106284192293577128012675837012347295609356741e-1,2.1036766839748984516607742136073918258508334376473074956042971970e-2
4,7.6827619108522660202177392851056764894621699656479453815202066872e-2,1.5820761989659632278829375932820754112148450623053957012389376151e-3
5,4.5494685933347262081234627746314313656065853636395015296835837037e-3,6.3016129465896432787665505177835166410027323700368099281516590993e-5
6,1.4888262167797582350571616633782024866720636541069018802447975253e-4,1.0386528521068865494487172470239935320197094673972963250201724369e-6
7,2.0773057042185490464650041412736663078054668636558146960609219417e-6,2.9167880221973473297987941963502648939834923713055177506241574356e-20
relative error = 1.8868158372e-32

x=12, n=7, |dx| = 0.5
i,p_i,q_i
0,2.3916077648961088314509799451961350536537344166311638495822218496e1,1.0000000000000000000000000000000000000000000000000000000000000000e0
1,1.5181406087745825353238015362707706273401777099110151508882486344e1,5.5085590610582976847814240242315748755441142399135175292789050675e-1
2,4.1116757176610545682604171520382544817738836217686939740760535959e0,1.2571711754039587462451235211149157304076693860321553206260849340e-1
3,6.1594472178628800305447367128481606060502036914555521516801971625e-1,1.5215688862698588523603365615124064125371547433211042625109181391e-2
4,5.5122703411883560873032050380553441610396189020872928356091841200e-2,1.0300711235469117953818364423694411412314641803509177621744360261e-3
5,2.9472059895804165499944121968815193588282867280186122776048127698e-3,3.6983915091335156757484060763487825698939414751694555904835158820e-5
6,8.7173103133239264941578791397284657960877917034974027643667106179e-5,5.5021970627471619535290355853049329517949307485693655705385938841e-7
7,1.1004394125500519213296528375754157518139107150360113038502156065e-6,3.4225932909915988075525640053649732298806527171038376419152643078e-21
relative error = 8.8045021029e-34

x=13, n=7, |dx| = 0.5
i,p_i,q_i
0,2.5922614871991320696796751033523686161286784154561220536887903998e1,1.0000000000000000000000000000000000000000000000000000000000000000e0
1,1.4973667702827477271794546449885379379908945740166945082497839955e1,5.0024439651147693227519344994525442400902840061013172135751966974e-1
2,3.6933435034669578113975332941602128708064660790782099078410920113e0,1.0378246042197556582840387346032712646483451269491162100152510580e-1
3,5.0428426324642820020797905548695546850745997928298818767569747239e-1,1.1429902427954226498871264783432182400822444549043249550036870350e-2
4,4.1165789011219018049021696107436859129908448162184798079354832063e-2,7.0480708178204973935884906831118720976318398973843926385135287115e-4
5,2.0091840244740211158473032857637797702168569997481166406864949117e-3,2.3072427954923279382800297117830197166124071021369268630265644790e-5
6,5.4289769784167823535288860913775837570074145530610389804401866266e-5,3.1326591824329075120455510911870505956459678129765675974838659554e-7
7,6.2653183648668164827617533188922986695166863292474764448103254127e-7,5.0573493671689164818747385906956906380861737402610646767962902758e-22
relative error = 5.7920042896e-35

x=14, n=6, |dx| = 0.5
i,p_i,q_i
0,2.7928202258773167977178061301218682851202724856488693929351282708e1,1.0000000000000000000000000000000000000000000000000000000000000000e0
1,1.2584102492996521984160707030446229257864179015747919547276179747e1,3.7878988974191180347404846902095289920753226838936284860975571037e-1
2,2.3556378622321918847337015348256019646933809089204099299002739062e0,5.7163407661791935324579155754659530353090159495438807535192559223e-2
3,2.3448947218666181307991851012230393857976833661792482814958169555e-1,4.2960671660570238976270680890038858164960874908614974467887731349e-3
4,1.3091874851084634553663585514990054064012273508685114824426852781e-2,1.6079064828469312994028266122795886454217213843308981168653454564e-4
5,3.8871502100757079675446836785933762557767666436099122986028118729e-4,2.3976330156641467687006013641047489473974003892567890061636801364e-6
6,4.7952660313385344361354719538934552958621764028256389393053984380e-6,5.4149219235562464082195317363695767681982440443226055543894982363e-20
relative error = 1.3892532393e-31

x=15, n=6, |dx| = 0.5
i,p_i,q_i
0,2.9933033689539679896796885945975842924733854529297279777564255981e1,1.0000000000000000000000000000000000000000000000000000000000000000e0
1,1.2500644524413925350364027272458480018075556852476458167455517415e1,3.5065405685922653112763036772296729191148206577686895053198969672e-1
2,2.1697470178242446400596548784184317193536663674590324154812641793e0,4.9014867902123106778019262955122462106539604402338483864951907184e-2
3,2.0035453778605571449239596854793283314787269134475762121473012218e-1,3.4139566505218411726805066562896382790949988403166395765957880309e-3
4,1.0380892799340294812495269423538758561138095118405080779564748042e-2,1.1848729385454356822089016778156616897942190025064950350718881587e-4
5,2.8615410804526585817417915630729606720287773131190945012695375194e-4,1.6393173445434537539204532934253859645754134550746285847780634351e-6
6,3.2786346890897903034509762012963195073987088725262903692604252259e-6,1.4156833298565537344507821336685720829105185584644178875896371268e-20
relative error = 2.0654025179e-32

x=16, n=6, |dx| = 0.5
i,p_i,q_i
0,3.1937253440073276792156366638123575826533028757343120295456289311e1,1.0000000000000000000000000000000000000000000000000000000000000000e0
1,1.2434366985863341627315490049819800526483834390283899887387659342e1,3.2659083282043508480472954142458867319358182002147216410759461108e-1
2,2.0127643455547685693609023078285805963539849109656994779697387636e0,4.2537838914713778750628859360096829626823296218698771524393320811e-2
3,1.7338900150773983490699590780284364024867217195323157817967535907e-1,2.7620081558301811463065374725176494768243878800890276120016904831e-3
4,8.3837726980121426334454117889843530160338918562812671938694792115e-3,8.9403453764007785941689774116944503336964598907592811597620944922e-5
5,2.1573919867007665959973244980333594529605741168818447968410677985e-4,1.1541340981907033649236263464807542695389524766530450020563120484e-6
6,2.3082681963822986842459781335994120441483614917747454631621074299e-6,4.0902509842787550966121461632149048387724918738808174626434143878e-21
relative error = 3.5520727712e-33

x=17, n=6, |dx| = 0.5
i,p_i,q_i
0,3.3940971145301215665872644554496394479485841185829077957129998289e1,1.0000000000000000000000000000000000000000000000000000000000000000e0
1,1.2380746837025177069185664254390273780468564239669103495419332035e1,3.0574405601208571437294909154982392168777067829894926820076569520e-1
2,1.8781558054092529581666189023783869302047479826596209286437976068e0,3.7294350471040494504250828354044262120651502907614844053585645323e-2
3,1.5166778070107334467071663578878363212170083251364566574786858477e-1,2.2686394561891989604972250991717584119285321272311913689565223712e-3
4,6.8763900313766950668549828760129835865776671180832609692211328830e-3,6.8821884352762712656924876732756581773303304052537417808413575655e-5
5,1.6596403457942638958070798282644464954316931502197500081178657024e-4,8.3294899629164065800182225289358425033807896454923195170911245012e-7
6,1.6658979925835804507213963199702600090760593829332286626976630136e-6,1.2869005319734357374621941648269490729715816483249898586439202465e-21
relative error = 6.9126985656e-34

x=18, n=6, |dx| = 0.5
i,p_i,q_i
0,3.5944271638291198612729324575205465247671718707931402159731656385e1,1.0000000000000000000000000000000000000000000000000000000000000000e0
1,1.2336687162618587389676607090328878400910709229841528754249720220e1,2.8748869626258326183757588954476177653338615603269962890079073584e-1
2,1.7612740654618450359532509402954831050562440697848219359121623060e0,3.2983718700444549282412126268219660701658465377058359886032906455e-2
3,1.3388395547121913730647388240948371578323287961268995874961222531e-1,1.8877600295029328300414410578167672088851229288179497072141220472e-3
4,5.7151917349388332414503309822383614241205705475340258204157760512e-3,5.3896827163869658609299256553089980169406783819870799327714350470e-5
5,1.2990132512556226839987883124605086661434299725957878427518567594e-4,6.1410196660635031195022053302003660650131462686921822523379378038e-7
6,1.2282039332128081812551528950519855157321240291948487290451827419e-6,4.3584914207980696923891260259252342436281165741005073366831804394e-22
relative error = 1.4964286703e-34

x=19, n=6, |dx| = 0.5
i,p_i,q_i
0,3.7947221607065234021918586849365970363724226602576187800726950257e1,1.0000000000000000000000000000000000000000000000000000000000000000e0
1,1.2300000533719784980231369515511721062755684010322528143823279584e1,2.7135602357360098686765509923145067464063368880815864115123062772e-1
2,1.6587101393648631969598054468616028997776772234389748018447165919e0,2.9393149385981588193024828426544442855139185759531119682425809636e-2
3,1.1912118181314185827858623711510696888319029271617270754423083318e-1,1.5886569411498460187141467196441067643359742531757702439338634892e-3
4,4.8049327616195607446036346413850335363857110486486316337124407248e-3,4.2844213570824778819744626712582709405653907278564548581024238919e-5
5,1.0321540926194560323568088663962044012936310532859847186164475543e-4,4.6123637158679828911423638073971181032667118558535352266209084524e-7
6,9.2247274317363768004629259217656785983667182929869131559444038968e-7,1.5743666090090117841843136473523214522278097771076238092486162204e-22
relative error = 3.5544727855e-35

x=20, n=6, |dx| = 0.5
i,p_i,q_i
0,3.9949874211435988961575307466060030074331998485385802762005355978e1,1.0000000000000000000000000000000000000000000000000000000000000000e0
1,1.2269101374372846892444513175271372277363540836225407297271676516e1,2.5698660206426065168382335774295263368140956032835474041537035718e-1
2,1.5678988581347404623817734332369636822236272399966995019582617021e0,2.6368173711558939978880133100300636838357471191225557029816456288e-2
3,1.0671945598382995370969327122270666226014589678264181145546165499e-1,1.3502643665616768432549495285060789579713167109320484242356587698e-3
4,4.0805204552551583514040850428040411587604723032400578330955363602e-3,3.4508596171317068436037902137478897887210115615861250219304692431e-5
5,8.3102181179800400518791162072438901301182940968376119227936684736e-5,3.5212472092918094222423974250549604877045673419139252039307582841e-7
6,7.0424944185837845852768610481034134629879515267238874125185248037e-7,6.0197275096484432747985273103636240068536939274886757616350413045e-23
relative error = 9.1619837042e-36

x=21, n=6, |dx| = 0.5
i,p_i,q_i
0,4.1952272355359242348630273255055711731258587271068197491410353581e1,1.0000000000000000000000000000000000000000000000000000000000000000e0
1,1.2242814833394253387683360043981378720222389278804163314849125560e1,2.4409957105070132665311287122512941031890180910889972032364563675e-1
2,1.4868681856775050531186872855903217114557614806315147326459193686e0,2.3794210476089061293785413926885277816759574431217769056014867941e-2
3,9.6192437434549071063395777862536970539476133423207759321211637300e-2,1.1577716486461677984700023502671849870114898061010344784943305566e-3
4,3.4963294842206932217659059152297866679773604139280423163219999414e-3,2.8120450811269039882364418786222693305071252157856469138767787547e-5
5,6.7696281711108403689490308975697960147565933983758787934039850682e-5,2.7274714496597041469670843094257113527551608148010074924779577973e-7
6,5.4549428993194784037235446838895722996635713624485371411954057837e-7,2.4212268709168958328762608063325977678661934945310316720725066141e-23
relative error = 2.5393795066e-36

x=22, n=5, |dx| = 0.5
i,p_i,q_i
0,4.3954451051355196853665468040072035213041195214935728734708650073e1,1.0000000000000000000000000000000000000000000000000000000000000000e0
1,1.0150046734354347190441009100253850336745329458615478192619460875e1,1.8537298284503177256712571534200367747047336513980913820503782069e-1
2,9.3653442779468956182973570897720578888239040414058189756356847567e-1,1.2865549352545328810329758132457646342934893256419800859547339902e-2
3,4.3160008198229628547433875010095533373756961437066473006062564190e-2,3.9621540790300417754039673780909942717693559056002964590838831720e-4
4,9.9344281895954409849834661923417468744894089375570568620250224763e-4,4.5684546171365232736613086792972301978616555330777080601844461434e-6
5,9.1369092342817432965668128273324205237920615567394087292587971557e-6,3.3327884315592518173533100281436521073493695623650492227072286604e-20
relative error = 1.9903323496e-31

x=23, n=5, |dx| = 0.5
i,p_i,q_i
0,4.5956439158440554447518008373637785069172034271862267272739477808e1,1.0000000000000000000000000000000000000000000000000000000000000000e0
1,1.0136842115462546913357689445740941166568709914412750566997425334e1,1.7701417036683793798796049548052003895913100618485064728005066069e-1
2,8.9349300650841450924552155674406370769738997635690377713924374840e-1,1.1733094979313647329394820946991176364004518093250092973184028111e-2
3,3.9338978588550506068173030851852720880500546910300590903641655532e-2,3.4514326888822841682445267242791785029425750371842308500907336136e-4
4,8.6516652943649913338219998741422255151917736632766685069338590034e-4,3.8017389491370186034455097659650308037036564889530305627755485006e-6
5,7.6034778982786303782311141599488438537798082343454778476946825348e-6,1.6819715061033283695958850141803235848574146719076361226507128772e-20
relative error = 7.5501002572e-32

x=24, n=5, |dx| = 0.5
i,p_i,q_i
0,4.7958260679369844072859266078123059187295540873594656118423005405e1,1.0000000000000000000000000000000000000000000000000000000000000000e0
1,1.0125323754698704445861903572494452885490881886422861636851537808e1,1.6938851451784193604125515013416041117738137548321458896530048331e-1
2,8.5432447397889953217217965053645201078536251034908930239040154604e-1,1.0745279692948701325719535942859157782454636158994782682861352970e-2
3,3.6009433411684071453174007016863219564819934890688046365842528282e-2,3.0254300286772528265711628263194658116724869123840012190911824769e-4
4,7.5821137560814701623513443127466206866484635260150086699668129296e-4,3.1901118723509243000512341248513111265453499446826441054414179042e-6
5,6.3802237447043446411536410590757095160408916285283808518962397625e-6,8.7516509907603915226210204347804522050683972351320582976658022309e-21
relative error = 2.9924493733e-32

x=25, n=5, |dx| = 0.5
i,p_i,q_i
0,4.9959935742472804742766981776869638453693833821741030797916981654e1,1.0000000000000000000000000000000000000000000000000000000000000000e0
1,1.0115213746269579076008530491466454699920478943865589527334487730e1,1.6240225080480523012296669578997641963850323373219563567187320384e-1
2,8.1851847897796466517165881934342127919110717085219598189073792068e-1,9.8782652822022820405278255237883314518121230025538887319210942429e-3
3,3.3089717083394113308314183527126456594486155387703097318187384930e-2,2.6671767512658234664173788370179674709345890428483443533188852192e-4
4,6.6829721748023364510903255256162942449019579564071606410696006217e-4,2.6972373445430994920057685595586999997068807137104021310754925670e-6
5,5.3944746890875911529224373646110522731782222252249320627548912047e-6,4.6823457935130852995179388932954441737400503273386385460919883703e-21
relative error = 1.2344149474e-32

x=26, n=5, |dx| = 0.5
i,p_i,q_i
0,5.1961481354198299535249835572598741793795110414158677966651968309e1,1.0000000000000000000000000000000000000000000000000000000000000000e0
1,1.0106289626148280443960112723557620517773809370035265381135927175e1,1.5597714921342238332352843671117552051460548421743676833475205552e-1
2,7.8565200516063637013815461195693238711950230708197323354932010889e-1,9.1129685703193006760513674828397373504078413885037530821818963387e-3
3,3.0514604743072074746568999907562986141535796070779258953249797445e-2,2.3636469188788838699335415016772580671970470856292320951227127683e-4
4,5.9214092224538413485168535769619860396139942203788233190884615415e-4,2.2963757398011251629802627180506067603999731138857899076096578909e-6
5,4.5927514796030455502170699828878769478227505429083132376326293944e-6,2.5699758435726915920272883557067688968644696559137414537807794169e-21
relative error = 5.2818730861e-33

x=27, n=5, |dx| = 0.5
i,p_i,q_i
0,5.3962911982580115123234516645481802001210632621785428506371732723e1,1.0000000000000000000000000000000000000000000000000000000000000000e0
1,1.0098371512440007124326215846657425797982322112164003192790309015e1,1.5004738987058685270109646061519774183238135701027718571247651249e-1
2,7.5537121122092291255979081833127961834026445764006171751698355853e-1,8.4339588723142861961321000560129379395134917672166413779502440056e-3
3,2.8231457336386185352367904121275513997379667335589881561090898514e-2,2.1047235508049762506434015510383191190205194814633490154594306052e-4
4,5.2719417008575303299539713540226593234272629310529196131371820112e-4,1.9675825911997929623975981197598365663310471863479417929913537268e-6
5,3.9351651824000502440025787584593892332919807935012200705559785892e-6,1.4441096376462253734311260301351132756050647620615874999886984981e-21
relative error = 2.3373367316e-33

x=28, n=5, |dx| = 0.5
i,p_i,q_i
0,5.5964240014398832644512455573218415262109698378500908758035802435e1,1.0000000000000000000000000000000000000000000000000000000000000000e0
1,1.0091312619025017287866005180722904952376585939820370241779234759e1,1.4455717079064035475824800310802007399668273087137622137304184452e-1
2,7.2737766938944448655475895778623875864217072256957781983784009052e-1,7.8286444985156476096959486202179989248100825482629027400700572299e-3
3,2.6197394252008196100771208768851049256950761686699794178527667192e-2,1.8824644737120305649564292658835109232131029338118415885766699210e-4
4,4.7145757219845869159599320580951856860713406159481617328734480120e-4,1.6957978117155673184721059583367919224584031646016528602489484197e-6
5,3.3915956234314112941553239579200441540889404607917209234537588193e-6,8.2926676744947732726307396007355826334363961443704025208047469663e-22
relative error = 1.0669101280e-33

x=29, n=5, |dx| = 0.5
i,p_i,q_i
0,5.7965476116863973343168447703591168227641470583064367514124472927e1,1.0000000000000000000000000000000000000000000000000000000000000000e0
1,1.0084992161706818792544833958372664340919722255342627036495934053e1,1.3945885343935322796794699518026754487877706320612816653697694920e-1
2,7.0141779703435023652286738153357031677870863522679391709785735955e-1,7.2866643344780491299505454898308430820326313436385299227067425134e-3
3,2.4377185076504569173574797743924225174315467058099349599344720575e-2,1.6905734359003323733996345509159786957431370910658626897528372539e-4
4,4.2334688628764154211433828082897084561842210996538156563499141525e-4,1.4695206742687438356750701070292267660928274282526273059316932545e-6
5,2.9390413485376556356195837184188365210618045093304133917593398594e-6,4.8586629321620724802977679323872255007477778159078793058743185634e-22
relative error = 5.0119108597e-34

x=30, n=5, |dx| = 0.5
i,p_i,q_i
0,5.9966629526323761085653214492361516083747931657222609292783890655e1,1.0000000000000000000000000000000000000000000000000000000000000000e0
1,1.0079309987376465872861867284067056664850010287456197857498081825e1,1.3471150903636153149172004554984436167638312881899078297725416197e-1
2,6.7727464195894581225306000566236736046824039803100247249653369850e-1,6.7994271493372674356639262860066852220327336970600421557744582935e-3
3,2.2741657550013921782521128252496501349388746490813419075080396237e-2,1.5240138547314300333062457595865641015405865557906827910711179731e-4
4,3.8159539393011366640317650265661343522783460051029204550728614221e-4,1.2798770497305896872196018856866881582516107104685320202368213991e-6
5,2.5597540994612831422952946005338213770054549992871741978250252058e-6,2.9003357477583348945919130329987170073847934957738046018913543885e-22
relative error = 2.4179837687e-34

x=31, n=5, |dx| = 0.5
i,p_i,q_i
0,6.1967708280637680846754718340739369430068057387630797529966438194e1,1.0000000000000000000000000000000000000000000000000000000000000000e0
1,1.0074182461415713481161345524160688849838076659384433560382534817e1,1.3027976731897021261467922658493954912347229327776223320265546636e-1
2,6.5476142676309479304587556836808352959522474752905554188472271980e-1,6.3597588045145480024498864188134661382141118221812567435524658007e-3
3,2.1266481359057118479568529063225809763048671256243329955459524686e-2,1.3787231780121403321779838364840157579319998508028961396309366805e-4
4,3.4518176175412831663345987648279757586340627278394226947522007612e-4,1.1199536476081493994656254220200529435190612025449773178638295407e-6
5,2.2399072952163639560059823336000016841164575560430634436374771528e-6,1.7617078707306566364013471154479240290390108237951721168387444753e-22
relative error = 1.1958529291e-34

x=32, n=5, |dx| = 0.5
i,p_i,q_i
0,6.3968719407645597364585035610617751416573670393499587786686312656e1,1.0000000000000000000000000000000000000000000000000000000000000000e0
1,1.0069539285685845737023749765214413073032179352570098234043558824e1,1.2613289628395715615435331212333189151230416068074813089690444752e-1
2,6.3371642448763570447177947907604919671324227749793005494129873311e-1,5.9616292766292240046813815792099763470491570846638016492126537981e-3
3,1.9931229141549748991239769570780005308740814931003243335267744457e-2,1.2513992039119709832550358233341192474393484209436557460501347561e-4
4,3.1327611249813105078085394107436505505980878573922552690231906666e-4,9.8431674555843991059287383933750293585346751442244234827276072076e-7
5,1.9686334911169213593194992136830387902068260697213920131695599811e-6,1.0876133178116318999520200282945003534205598620333324869226343273e-22
relative error = 6.0528174997e-35

